,Unnamed: 0,player,player_url,rnd,pick,tm,pos,age,college,height_in,weight_lb,height_cm,weight_kg
0,0,Bryce Young,https://www.pro-football-reference.com/players/Y/YounBr01.htm,1,1,CAR,QB,22.0,Alabama,70.0,204.0,178.0,92.0
1,1,C.J. Stroud,https://www.pro-football-reference.com/players/S/StroCJ00.htm,1,2,HOU,QB,21.0,Ohio St.,75.0,218.0,190.0,98.0
2,2,Will Anderson,https://www.pro-football-reference.com/players/A/AndeWi01.htm,1,3,HOU,LB,22.0,Alabama,76.0,243.0,193.0,110.0
3,3,Anthony Richardson,https://www.pro-football-reference.com/players/R/RichAn03.htm,1,4,IND,QB,21.0,Florida,76.0,244.0,193.0,110.0
4,4,Devon Witherspoon,https://www.pro-football-reference.com/players/W/WithDe00.htm,1,5,SEA,DB,22.0,Illinois,72.0,185.0,183.0,83.0
5,5,Paris Johnson,https://www.pro-football-reference.com/players/J/JohnPa03.htm,1,6,ARI,OL,22.0,Ohio St.,78.0,313.0,198.0,141.0
6,6,Tyree Wilson,https://www.pro-football-reference.com/players/W/WilsTy01.htm,1,7,LVR,OLB,23.0,Texas Tech,78.0,275.0,198.0,124.0
7,7,Bijan Robinson,https://www.pro-football-reference.com/players/R/RobiBi01.htm,1,8,ATL,RB,21.0,Texas,71.0,215.0,180.0,97.0
8,8,Jalen Carter,https://www.pro-football-reference.com/players/C/CartJa05.htm,1,9,PHI,DL,22.0,Georgia,75.0,314.0,190.0,142.0
9,9,Darnell Wright,https://www.pro-football-reference.com/players/W/WrigDa00.htm,1,10,CHI,OL,22.0,Tennessee,78.0,335.0,198.0,151.0
10,10,Peter Skoronski,https://www.pro-football-reference.com/players/S/SkorPe00.htm,1,11,TEN,OL,22.0,Northwestern,76.0,313.0,193.0,141.0
11,11,Jahmyr Gibbs,https://www.pro-football-reference.com/players/G/GibbJa01.htm,1,12,DET,RB,21.0,Alabama,69.0,200.0,175.0,90.0
12,12,Lukas Van Ness,https://www.pro-football-reference.com/players/V/VanNLu00.htm,1,13,GNB,DL,22.0,Iowa,77.0,272.0,196.0,123.0
13,13,Broderick Jones,https://www.pro-football-reference.com/players/J/JoneBr09.htm,1,14,PIT,OL,22.0,Georgia,77.0,311.0,196.0,141.0
14,14,Will McDonald,https://www.pro-football-reference.com/players/M/McDoWi00.htm,1,15,NYJ,DE,24.0,Iowa St.,75.0,241.0,190.0,109.0
15,15,Emmanuel Forbes,https://www.pro-football-reference.com/players/F/ForbEm00.htm,1,16,WAS,CB,22.0,Mississippi St.,72.0,180.0,183.0,81.0
16,16,Christian Gonzalez,https://www.pro-football-reference.com/players/G/GonzCh00.htm,1,17,NWE,DB,21.0,Oregon,74.0,205.0,188.0,92.0
17,17,Jack Campbell,https://www.pro-football-reference.com/players/C/CampJa04.htm,1,18,DET,LB,23.0,Iowa,77.0,243.0,196.0,110.0
18,18,Calijah Kancey,https://www.pro-football-reference.com/players/K/KancCa00.htm,1,19,TAM,DL,22.0,Pittsburgh,73.0,281.0,185.0,127.0
19,19,Jaxon Smith-Njigba,https://www.pro-football-reference.com/players/S/SmitJa06.htm,1,20,SEA,WR,21.0,Ohio St.,72.0,197.0,183.0,89.0
20,20,Quentin Johnston,https://www.pro-football-reference.com/players/J/JohnQu02.htm,1,21,LAC,WR,22.0,TCU,76.0,215.0,193.0,97.0
21,21,Zay Flowers,https://www.pro-football-reference.com/players/F/FlowZa00.htm,1,22,BAL,WR,22.0,Boston Col.,69.0,182.0,175.0,82.0
22,22,Jordan Addison,https://www.pro-football-reference.com/players/A/AddiJo00.htm,1,23,MIN,WR,21.0,USC,71.0,175.0,180.0,79.0
23,23,Deonte Banks,https://www.pro-football-reference.com/players/B/BankDe00.htm,1,24,NYG,DB,22.0,Maryland,74.0,200.0,188.0,90.0
24,24,Dalton Kincaid,https://www.pro-football-reference.com/players/K/KincDa00.htm,1,25,BUF,TE,23.0,Utah,76.0,240.0,193.0,108.0
25,25,Mazi Smith,https://www.pro-football-reference.com/players/S/SmitMa06.htm,1,26,DAL,DL,22.0,Michigan,75.0,337.0,190.0,152.0
26,26,Anton Harrison,https://www.pro-football-reference.com/players/H/HarrAn00.htm,1,27,JAX,OL,21.0,Oklahoma,77.0,315.0,196.0,142.0
27,27,Myles Murphy,https://www.pro-football-reference.com/players/M/MurpMy00.htm,1,28,CIN,DE,21.0,Clemson,77.0,275.0,196.0,124.0
28,28,Bryan Bresee,https://www.pro-football-reference.com/players/B/BresBr00.htm,1,29,NOR,DT,21.0,Clemson,77.0,305.0,196.0,138.0
29,29,Nolan Smith,https://www.pro-football-reference.com/players/S/SmitNo02.htm,1,30,PHI,OLB,22.0,Georgia,74.0,238.0,188.0,107.0
30,30,Felix Anudike-Uzomah,https://www.pro-football-reference.com/players/A/AnudFe00.htm,1,31,KAN,DE,21.0,Kansas St.,76.0,255.0,193.0,115.0
31,31,Joey Porter Jr.,https://www.pro-football-reference.com/players/P/PortJo02.htm,2,32,PIT,CB,23.0,Penn St.,74.0,194.0,188.0,87.0
32,32,Will Levis,https://www.pro-football-reference.com/players/L/LeviWi00.htm,2,33,TEN,QB,24.0,Kentucky,76.0,229.0,193.0,103.0
33,33,Sam LaPorta,https://www.pro-football-reference.com/players/L/LaPoSa01.htm,2,34,DET,TE,22.0,Iowa,75.0,245.0,190.0,111.0
34,34,Michael Mayer,https://www.pro-football-reference.com/players/M/MayeMi00.htm,2,35,LVR,TE,22.0,Notre Dame,76.0,265.0,193.0,120.0
35,35,Steve Avila,https://www.pro-football-reference.com/players/A/AvilSt00.htm,2,36,LAR,C,23.0,TCU,75.0,332.0,190.0,150.0
36,36,Derick Hall,https://www.pro-football-reference.com/players/H/HallDe04.htm,2,37,SEA,DE,22.0,Auburn,75.0,252.0,190.0,114.0
37,37,Matthew Bergeron,https://www.pro-football-reference.com/players/B/BergMa00.htm,2,38,ATL,OL,23.0,Syracuse,77.0,323.0,196.0,146.0
38,38,Jonathan Mingo,https://www.pro-football-reference.com/players/M/MingJo00.htm,2,39,CAR,WR,22.0,Mississippi,74.0,220.0,188.0,99.0
39,39,Isaiah Foskey,https://www.pro-football-reference.com/players/F/FoskIs00.htm,2,40,NOR,DL,22.0,Notre Dame,77.0,265.0,196.0,120.0
40,40,BJ Ojulari,https://www.pro-football-reference.com/players/O/OjulBJ00.htm,2,41,ARI,DE,21.0,LSU,74.0,248.0,188.0,112.0
41,41,Luke Musgrave,https://www.pro-football-reference.com/players/M/MusgLu00.htm,2,42,GNB,TE,23.0,Oregon St.,78.0,253.0,198.0,114.0
42,42,Joe Tippmann,https://www.pro-football-reference.com/players/T/TippJo00.htm,2,43,NYJ,OL,22.0,Wisconsin,78.0,317.0,198.0,143.0
43,43,Julius Brents,https://www.pro-football-reference.com/players/B/BrenJu00.htm,2,44,IND,DB,23.0,Kansas St.,75.0,198.0,190.0,89.0
44,44,Brian Branch,https://www.pro-football-reference.com/players/B/BranBr00.htm,2,45,DET,DB,21.0,Alabama,72.0,203.0,183.0,92.0
45,45,Keion White,https://www.pro-football-reference.com/players/W/WhitKe03.htm,2,46,NWE,DL,24.0,Georgia Tech,77.0,290.0,196.0,131.0
46,46,Quan Martin,https://www.pro-football-reference.com/players/M/MartJa04.htm,2,47,WAS,DB,23.0,Illinois,72.0,195.0,183.0,88.0
47,47,Cody Mauch,https://www.pro-football-reference.com/players/M/MaucCo00.htm,2,48,TAM,T,24.0,North Dakota St.,77.0,302.0,196.0,136.0
48,48,Keeanu Benton,https://www.pro-football-reference.com/players/B/BentKe00.htm,2,49,PIT,NT,22.0,Wisconsin,76.0,309.0,193.0,140.0
49,49,Jayden Reed,https://www.pro-football-reference.com/players/R/ReedJa03.htm,2,50,GNB,WR,23.0,Michigan St.,71.0,187.0,180.0,84.0
50,50,Cam Smith,https://www.pro-football-reference.com/players/S/SmitCa02.htm,2,51,MIA,DB,22.0,South Carolina,73.0,180.0,185.0,81.0
51,51,Zach Charbonnet,https://www.pro-football-reference.com/players/C/CharZa00.htm,2,52,SEA,RB,22.0,UCLA,73.0,214.0,185.0,97.0
52,52,Gervon Dexter,https://www.pro-football-reference.com/players/D/DextGe00.htm,2,53,CHI,DL,21.0,Florida,78.0,312.0,198.0,141.0
53,53,Tuli Tuipulotu,https://www.pro-football-reference.com/players/T/TuipTu00.htm,2,54,LAC,DL,21.0,USC,75.0,266.0,190.0,120.0
54,54,Rashee Rice,https://www.pro-football-reference.com/players/R/RiceRa01.htm,2,55,KAN,WR,23.0,SMU,74.0,203.0,188.0,92.0
55,55,Tyrique Stevenson,https://www.pro-football-reference.com/players/S/StevTy01.htm,2,56,CHI,CB,23.0,Miami (FL),72.0,204.0,183.0,92.0
56,56,John Michael Schmitz,https://www.pro-football-reference.com/players/M/MichJo00.htm,2,57,NYG,OL,24.0,Minnesota,76.0,320.0,193.0,145.0
57,57,Luke Schoonmaker,https://www.pro-football-reference.com/players/S/SchoLu00.htm,2,58,DAL,TE,24.0,Michigan,77.0,250.0,196.0,113.0
58,58,O'Cyrus Torrence,https://www.pro-football-reference.com/players/T/TorrOC00.htm,2,59,BUF,OL,23.0,Florida,77.0,347.0,196.0,157.0
59,59,DJ Turner,https://www.pro-football-reference.com/players/T/TurnDJ01.htm,2,60,CIN,DB,22.0,Michigan,72.0,180.0,183.0,81.0
60,60,Brenton Strange,https://www.pro-football-reference.com/players/S/StraBr00.htm,2,61,JAX,TE,22.0,Penn St.,75.0,247.0,190.0,112.0
61,61,Juice Scruggs,https://www.pro-football-reference.com/players/S/ScruJu00.htm,2,62,HOU,OL,23.0,Penn St.,75.0,308.0,190.0,139.0
62,62,Marvin Mims,https://www.pro-football-reference.com/players/M/MimsMa00.htm,2,63,DEN,WR,21.0,Oklahoma,71.0,182.0,180.0,82.0
63,63,Zacch Pickens,https://www.pro-football-reference.com/players/P/PickZa00.htm,3,64,CHI,DL,23.0,South Carolina,76.0,300.0,193.0,136.0
64,64,Tyler Steen,https://www.pro-football-reference.com/players/S/SteeTy00.htm,3,65,PHI,OL,23.0,Alabama,78.0,321.0,198.0,145.0
65,65,Sydney Brown,https://www.pro-football-reference.com/players/B/BrowSy00.htm,3,66,PHI,DB,23.0,Illinois,70.0,211.0,178.0,95.0
66,66,Drew Sanders,https://www.pro-football-reference.com/players/S/SandDr00.htm,3,67,DEN,LB,22.0,Arkansas,77.0,233.0,196.0,105.0
67,67,Hendon Hooker,https://www.pro-football-reference.com/players/H/HookHe00.htm,3,68,DET,QB,25.0,Tennessee,75.0,220.0,190.0,99.0
68,68,Tank Dell,https://www.pro-football-reference.com/players/D/DellNa00.htm,3,69,HOU,WR,23.0,Houston,70.0,165.0,178.0,74.0
69,69,Byron Young,https://www.pro-football-reference.com/players/Y/YounBy00.htm,3,70,LVR,DL,22.0,Alabama,74.0,250.0,188.0,113.0
70,70,Kendre Miller,https://www.pro-football-reference.com/players/M/MillKe01.htm,3,71,NOR,RB,21.0,TCU,72.0,220.0,183.0,99.0
71,71,Garrett Williams,https://www.pro-football-reference.com/players/W/WillGa00.htm,3,72,ARI,DB,22.0,Syracuse,70.0,192.0,178.0,87.0
72,72,Jalin Hyatt,https://www.pro-football-reference.com/players/H/HyatJa00.htm,3,73,NYG,WR,21.0,Tennessee,72.0,185.0,183.0,83.0
73,73,Cedric Tillman,https://www.pro-football-reference.com/players/T/TillCe01.htm,3,74,CLE,WR,23.0,Tennessee,75.0,215.0,190.0,97.0
74,74,Zach Harrison,https://www.pro-football-reference.com/players/H/HarrZa00.htm,3,75,ATL,DE,22.0,Ohio St.,78.0,272.0,198.0,123.0
75,75,Marte Mapu,https://www.pro-football-reference.com/players/M/MapuMa00.htm,3,76,NWE,DB,23.0,Sacramento St.,75.0,230.0,190.0,104.0
76,76,Byron Young,https://www.pro-football-reference.com/players/Y/YounBy01.htm,3,77,LAR,LB,25.0,Tennessee,74.0,250.0,188.0,113.0
77,77,Tucker Kraft,https://www.pro-football-reference.com/players/K/KrafTu00.htm,3,78,GNB,TE,22.0,South Dakota St.,77.0,259.0,196.0,117.0
78,78,Josh Downs,https://www.pro-football-reference.com/players/D/DownJo00.htm,3,79,IND,WR,22.0,North Carolina,70.0,175.0,178.0,79.0
79,79,DJ Johnson,https://www.pro-football-reference.com/players/J/JohnDJ00.htm,3,80,CAR,OLB,24.0,Oregon,76.0,260.0,193.0,117.0
80,80,Tyjae Spears,https://www.pro-football-reference.com/players/S/SpeaTy00.htm,3,81,TEN,RB,22.0,Tulane,70.0,200.0,178.0,90.0
81,81,YaYa Diaby,https://www.pro-football-reference.com/players/D/DiabYa00.htm,3,82,TAM,DL,24.0,Louisville,76.0,270.0,193.0,122.0
82,82,Riley Moss,https://www.pro-football-reference.com/players/M/MossRi00.htm,3,83,DEN,DB,23.0,Iowa,72.0,193.0,183.0,87.0
83,83,De'Von Achane,https://www.pro-football-reference.com/players/A/AchaDe00.htm,3,84,MIA,RB,21.0,Texas A&M,69.0,188.0,175.0,85.0
84,84,Daiyan Henley,https://www.pro-football-reference.com/players/H/HenlDa00.htm,3,85,LAC,LB,23.0,Washington St.,73.0,225.0,185.0,102.0
85,85,Trenton Simpson,https://www.pro-football-reference.com/players/S/SimpTr00.htm,3,86,BAL,LB,22.0,Clemson,74.0,238.0,188.0,107.0
86,86,Ji'Ayir Brown,https://www.pro-football-reference.com/players/B/BrowJi01.htm,3,87,SFO,S,23.0,Penn St.,71.0,202.0,180.0,91.0
87,87,Tank Bigsby,https://www.pro-football-reference.com/players/B/BigsTa00.htm,3,88,JAX,RB,22.0,Auburn,72.0,213.0,183.0,96.0
88,88,Kobie Turner,https://www.pro-football-reference.com/players/T/TurnKo00.htm,3,89,LAR,DT,24.0,Wake Forest,74.0,288.0,188.0,130.0
89,89,DeMarvion Overshown,https://www.pro-football-reference.com/players/O/OverDe00.htm,3,90,DAL,LB,23.0,Texas,74.0,220.0,188.0,99.0
90,90,Dorian Williams,https://www.pro-football-reference.com/players/W/WillDo04.htm,3,91,BUF,LB,22.0,Tulane,74.0,230.0,188.0,104.0
91,91,Wanya Morris,https://www.pro-football-reference.com/players/M/MorrWa01.htm,3,92,KAN,OL,22.0,Oklahoma,78.0,317.0,198.0,143.0
92,92,Darnell Washington,https://www.pro-football-reference.com/players/W/WashDa03.htm,3,93,PIT,TE,22.0,Georgia,79.0,264.0,201.0,119.0
93,93,Michael Wilson,https://www.pro-football-reference.com/players/W/WilsMi02.htm,3,94,ARI,WR,23.0,Stanford,74.0,213.0,188.0,96.0
94,94,Jordan Battle,https://www.pro-football-reference.com/players/B/BattJo00.htm,3,95,CIN,DB,22.0,Alabama,73.0,206.0,185.0,93.0
95,95,Brodric Martin,https://www.pro-football-reference.com/players/M/MartBr00.htm,3,96,DET,DT,24.0,Western Kentucky,77.0,330.0,196.0,149.0
96,96,Ricky Stromberg,https://www.pro-football-reference.com/players/S/StroRi01.htm,3,97,WAS,OL,22.0,Arkansas,76.0,313.0,193.0,141.0
97,97,Siaki Ika,https://www.pro-football-reference.com/players/I/IkaxSi00.htm,3,98,CLE,DL,22.0,Baylor,75.0,335.0,190.0,151.0
98,98,Jake Moody,https://www.pro-football-reference.com/players/M/MoodJa00.htm,3,99,SFO,K,23.0,Michigan,73.0,210.0,185.0,95.0
99,99,Tre Tucker,https://www.pro-football-reference.com/players/T/TuckTr00.htm,3,100,LVR,WR,22.0,Cincinnati,69.0,185.0,175.0,83.0
100,100,Cameron Latu,https://www.pro-football-reference.com/players/L/LatuCa01.htm,3,101,SFO,TE,23.0,Alabama,77.0,244.0,196.0,110.0
101,101,Mekhi Blackmon,https://www.pro-football-reference.com/players/B/BlacMe00.htm,3,102,MIN,CB,24.0,USC,71.0,178.0,180.0,80.0
102,102,Nick Saldiveri,https://www.pro-football-reference.com/players/S/SaldNi00.htm,4,103,NOR,OL,23.0,Old Dominion,78.0,316.0,198.0,143.0
103,103,Jakorian Bennett,https://www.pro-football-reference.com/players/B/BennJa00.htm,4,104,LVR,DB,23.0,Maryland,71.0,195.0,180.0,88.0
104,104,Kelee Ringo,https://www.pro-football-reference.com/players/R/RingKe00.htm,4,105,PHI,DB,21.0,Georgia,74.0,207.0,188.0,93.0
105,105,Blake Freeland,https://www.pro-football-reference.com/players/F/FreeBl00.htm,4,106,IND,OL,22.0,BYU,79.0,302.0,201.0,136.0
106,106,Jake Andrews,https://www.pro-football-reference.com/players/A/AndrJa00.htm,4,107,NWE,OL,23.0,Troy,75.0,308.0,190.0,139.0
107,107,Anthony Bradford,https://www.pro-football-reference.com/players/B/BradAn00.htm,4,108,SEA,OL,22.0,LSU,77.0,332.0,196.0,150.0
108,108,Dylan Horton,https://www.pro-football-reference.com/players/H/HortDy00.htm,4,109,HOU,DL,23.0,TCU,76.0,275.0,193.0,124.0
109,109,Adetomiwa Adebawore,https://www.pro-football-reference.com/players/A/AdebAd00.htm,4,110,IND,DL,22.0,Northwestern,74.0,282.0,188.0,127.0
110,110,Dawand Jones,https://www.pro-football-reference.com/players/J/JoneDa07.htm,4,111,CLE,OL,22.0,Ohio St.,80.0,374.0,203.0,169.0
111,111,Chad Ryland,https://www.pro-football-reference.com/players/R/RylaCh00.htm,4,112,NWE,K,23.0,Maryland,72.0,195.0,183.0,88.0
112,112,Clark Phillips,https://www.pro-football-reference.com/players/P/PhilCl00.htm,4,113,ATL,CB,21.0,Utah,70.0,183.0,178.0,83.0
113,113,Chandler Zavala,https://www.pro-football-reference.com/players/Z/ZavaCh00.htm,4,114,CAR,G,24.0,North Carolina St.,75.0,322.0,190.0,146.0
114,114,Roschon Johnson,https://www.pro-football-reference.com/players/J/JohnRo07.htm,4,115,CHI,RB,22.0,Texas,72.0,225.0,183.0,102.0
115,115,Colby Wooden,https://www.pro-football-reference.com/players/W/WoodCo01.htm,4,116,GNB,DE,22.0,Auburn,76.0,273.0,193.0,123.0
116,116,Sidy Sow,https://www.pro-football-reference.com/players/S/SowxSi00.htm,4,117,NWE,OL,25.0,Eastern Michigan,77.0,318.0,196.0,144.0
117,117,Braeden Daniels,https://www.pro-football-reference.com/players/D/DaniBr00.htm,4,118,WAS,OL,23.0,Utah,76.0,297.0,193.0,134.0
118,118,Chamarri Conner,https://www.pro-football-reference.com/players/C/ConnCh01.htm,4,119,KAN,DB,23.0,Virginia Tech,72.0,206.0,183.0,93.0
119,119,Carter Warren,https://www.pro-football-reference.com/players/W/WarrCa00.htm,4,120,NYJ,OL,24.0,Pittsburgh,77.0,323.0,196.0,146.0
120,120,Ventrell Miller,https://www.pro-football-reference.com/players/M/MillVe00.htm,4,121,JAX,LB,24.0,Florida,72.0,221.0,183.0,100.0
121,121,Jon Gaines,https://www.pro-football-reference.com/players/G/GainJo00.htm,4,122,ARI,OL,24.0,UCLA,76.0,303.0,193.0,137.0
122,122,Cameron Young,https://www.pro-football-reference.com/players/Y/YounCa00.htm,4,123,SEA,DT,23.0,Mississippi St.,75.0,304.0,190.0,137.0
123,123,Tavius Robinson,https://www.pro-football-reference.com/players/R/RobiTa00.htm,4,124,BAL,DE,24.0,Mississippi,78.0,258.0,198.0,117.0
124,124,Derius Davis,https://www.pro-football-reference.com/players/D/DaviDe02.htm,4,125,LAC,WR,22.0,TCU,68.0,165.0,173.0,74.0
125,125,Isaiah McGuire,https://www.pro-football-reference.com/players/M/McGuIs00.htm,4,126,CLE,DL,22.0,Missouri,76.0,268.0,193.0,121.0
126,126,Jake Haener,https://www.pro-football-reference.com/players/H/HaenJa00.htm,4,127,NOR,QB,24.0,Fresno St.,73.0,200.0,185.0,90.0
127,127,Stetson Bennett,https://www.pro-football-reference.com/players/B/BennSt00.htm,4,128,LAR,QB,25.0,Georgia,71.0,190.0,180.0,86.0
128,128,Viliami Fehoko,https://www.pro-football-reference.com/players/F/FehoVi00.htm,4,129,DAL,DL,23.0,San Jose St.,76.0,267.0,193.0,121.0
129,129,Tyler Lacy,https://www.pro-football-reference.com/players/L/LacyTy00.htm,4,130,JAX,DE,23.0,Oklahoma St.,76.0,285.0,193.0,129.0
130,130,Charlie Jones,https://www.pro-football-reference.com/players/J/JoneCh11.htm,4,131,CIN,WR,24.0,Purdue,72.0,188.0,183.0,85.0
131,131,Nick Herbig,https://www.pro-football-reference.com/players/H/HerbNi00.htm,4,132,PIT,OLB,21.0,Wisconsin,74.0,240.0,188.0,108.0
132,132,Tyler Scott,https://www.pro-football-reference.com/players/S/ScotTy00.htm,4,133,CHI,WR,21.0,Cincinnati,71.0,185.0,180.0,83.0
133,133,Jay Ward,https://www.pro-football-reference.com/players/W/WardJa00.htm,4,134,MIN,S,23.0,LSU,73.0,188.0,185.0,85.0
134,134,Aidan O'Connell,https://www.pro-football-reference.com/players/O/OConAi00.htm,4,135,LVR,QB,25.0,Purdue,75.0,210.0,190.0,95.0
135,135,Yasir Abdullah,https://www.pro-football-reference.com/players/A/AbduYa00.htm,5,136,JAX,LB,23.0,Louisville,73.0,234.0,185.0,106.0
136,136,K.J. Henry,https://www.pro-football-reference.com/players/H/HenrKJ00.htm,5,137,WAS,DE,24.0,Clemson,76.0,255.0,193.0,115.0
137,137,Darius Rush,https://www.pro-football-reference.com/players/R/RushDa00.htm,5,138,IND,DB,23.0,South Carolina,74.0,198.0,188.0,89.0
138,138,Clayton Tune,https://www.pro-football-reference.com/players/T/TuneCl00.htm,5,139,ARI,QB,24.0,Houston,75.0,220.0,190.0,99.0
139,139,Dorian Thompson-Robinson,https://www.pro-football-reference.com/players/T/ThomDo02.htm,5,140,CLE,QB,23.0,UCLA,74.0,203.0,188.0,92.0
140,140,Jaquelin Roy,https://www.pro-football-reference.com/players/R/RoyxJa00.htm,5,141,MIN,DT,22.0,LSU,75.0,305.0,190.0,138.0
141,141,Cameron Mitchell,https://www.pro-football-reference.com/players/M/MitcCa01.htm,5,142,CLE,DB,21.0,Northwestern,71.0,191.0,180.0,86.0
142,142,Israel Abanikanda,https://www.pro-football-reference.com/players/A/AbanIs00.htm,5,143,NYJ,RB,20.0,Pittsburgh,71.0,215.0,180.0,97.0
143,143,Atonio Mafi,https://www.pro-football-reference.com/players/M/MafiAt00.htm,5,144,NWE,OL,22.0,UCLA,75.0,330.0,190.0,149.0
144,144,Jammie Robinson,https://www.pro-football-reference.com/players/R/RobiJa03.htm,5,145,CAR,DB,22.0,Florida St.,71.0,190.0,180.0,86.0
145,145,Jordan Howden,https://www.pro-football-reference.com/players/H/HowdJo00.htm,5,146,NOR,DB,23.0,Minnesota,72.0,209.0,183.0,94.0
146,146,Josh Whyle,https://www.pro-football-reference.com/players/W/WhylJo01.htm,5,147,TEN,TE,23.0,Cincinnati,79.0,248.0,201.0,112.0
147,147,Noah Sewell,https://www.pro-football-reference.com/players/S/SeweNo00.htm,5,148,CHI,LB,22.0,Oregon,74.0,253.0,188.0,114.0
148,148,Sean Clifford,https://www.pro-football-reference.com/players/C/ClifSe00.htm,5,149,GNB,QB,25.0,Penn St.,74.0,218.0,188.0,98.0
149,149,Justin Shorter,https://www.pro-football-reference.com/players/S/ShorJu00.htm,5,150,BUF,WR,23.0,Florida,76.0,223.0,193.0,101.0
150,150,Mike Morris,https://www.pro-football-reference.com/players/M/MorrMi00.htm,5,151,SEA,DE,22.0,Michigan,78.0,295.0,198.0,133.0
151,151,Colby Sorsdal,https://www.pro-football-reference.com/players/S/SorsCo00.htm,5,152,DET,OL,23.0,William & Mary,78.0,315.0,198.0,142.0
152,152,SirVocea Dennis,https://www.pro-football-reference.com/players/D/DennSi00.htm,5,153,TAM,LB,23.0,Pittsburgh,72.0,226.0,183.0,102.0
153,153,Olusegun Oluwatimi,https://www.pro-football-reference.com/players/O/OluwOl00.htm,5,154,SEA,C,24.0,Michigan,75.0,307.0,190.0,139.0
154,154,Darrell Luter,https://www.pro-football-reference.com/players/L/LuteDa00.htm,5,155,SFO,CB,23.0,South Alabama,72.0,190.0,183.0,86.0
155,155,Jordan McFadden,https://www.pro-football-reference.com/players/M/McFaJo00.htm,5,156,LAC,OL,23.0,Clemson,74.0,303.0,188.0,137.0
156,156,Kyu Blu Kelly,https://www.pro-football-reference.com/players/B/BluxKy00.htm,5,157,BAL,CB,22.0,Stanford,72.0,193.0,183.0,87.0
157,157,Daniel Scott,https://www.pro-football-reference.com/players/S/ScotDa03.htm,5,158,IND,S,24.0,California,73.0,208.0,185.0,94.0
158,158,Dontayvion Wicks,https://www.pro-football-reference.com/players/W/WickDo00.htm,5,159,GNB,WR,22.0,Virginia,73.0,206.0,185.0,93.0
159,159,Antonio Johnson,https://www.pro-football-reference.com/players/J/JohnAn07.htm,5,160,JAX,DB,21.0,Texas A&M,75.0,195.0,190.0,88.0
160,160,Nick Hampton,https://www.pro-football-reference.com/players/H/HampNi00.htm,5,161,LAR,OLB,23.0,Appalachian St.,75.0,235.0,190.0,106.0
161,161,Will Mallory,https://www.pro-football-reference.com/players/M/MallWi00.htm,5,162,IND,TE,24.0,Miami (FL),76.0,239.0,193.0,108.0
162,162,Chase Brown,https://www.pro-football-reference.com/players/B/BrowCh10.htm,5,163,CIN,RB,23.0,Illinois,69.0,215.0,175.0,97.0
163,163,Jaren Hall,https://www.pro-football-reference.com/players/H/HallJa00.htm,5,164,MIN,QB,25.0,BYU,72.0,207.0,183.0,93.0
164,164,Terell Smith,https://www.pro-football-reference.com/players/S/SmitTe05.htm,5,165,CHI,DB,24.0,Minnesota,72.0,207.0,183.0,93.0
165,165,BJ Thompson,https://www.pro-football-reference.com/players/T/ThomBJ00.htm,5,166,KAN,DE,24.0,S.F. Austin,78.0,243.0,198.0,110.0
166,166,Henry To'oTo'o,https://www.pro-football-reference.com/players/T/TooTHe00.htm,5,167,HOU,LB,22.0,Alabama,74.0,228.0,188.0,103.0
167,167,Owen Pappoe,https://www.pro-football-reference.com/players/P/PappOw00.htm,5,168,ARI,LB,22.0,Auburn,72.0,225.0,183.0,102.0
168,168,Asim Richards,https://www.pro-football-reference.com/players/R/RichAs00.htm,5,169,DAL,OL,22.0,North Carolina,76.0,307.0,193.0,139.0
169,169,Christopher Smith,https://www.pro-football-reference.com/players/S/SmitCh04.htm,5,170,LVR,DB,23.0,Georgia,71.0,195.0,180.0,88.0
170,170,Payne Durham,https://www.pro-football-reference.com/players/D/DurhPa00.htm,5,171,TAM,TE,23.0,Purdue,78.0,253.0,198.0,114.0
171,171,Eric Gray,https://www.pro-football-reference.com/players/G/GrayEr01.htm,5,172,NYG,RB,23.0,Oklahoma,70.0,211.0,178.0,95.0
172,172,Robert Beal,https://www.pro-football-reference.com/players/B/BealRo00.htm,5,173,SFO,OLB,24.0,Georgia,76.0,250.0,193.0,113.0
173,173,Warren McClendon,https://www.pro-football-reference.com/players/M/McClWa00.htm,5,174,LAR,OL,22.0,Georgia,76.0,300.0,193.0,136.0
174,174,Davis Allen,https://www.pro-football-reference.com/players/A/AlleDa02.htm,5,175,LAR,TE,22.0,Clemson,78.0,245.0,198.0,111.0
175,175,Evan Hull,https://www.pro-football-reference.com/players/H/HullEv00.htm,5,176,IND,RB,22.0,Northwestern,70.0,209.0,178.0,94.0
176,176,Puka Nacua,https://www.pro-football-reference.com/players/N/NacuPu00.htm,5,177,LAR,WR,22.0,BYU,74.0,205.0,188.0,92.0
177,177,Eric Scott,https://www.pro-football-reference.com/players/S/ScotEr00.htm,6,178,DAL,DB,25.0,Southern Miss,72.0,197.0,183.0,89.0
178,178,Karl Brooks,https://www.pro-football-reference.com/players/B/BrooKa00.htm,6,179,GNB,DT,23.0,Bowling Green,75.0,296.0,190.0,134.0
179,179,Kei'Trel Clark,https://www.pro-football-reference.com/players/C/ClarKe02.htm,6,180,ARI,DB,22.0,Louisville,70.0,181.0,178.0,82.0
180,180,Josh Hayes,https://www.pro-football-reference.com/players/H/HayeJo01.htm,6,181,TAM,CB,24.0,Kansas St.,71.0,197.0,180.0,89.0
181,181,Tre'Vius Tomlinson,https://www.pro-football-reference.com/players/H/HodgTr00.htm,6,182,LAR,CB,22.0,TCU,69.0,180.0,175.0,81.0
182,182,JL Skinner,https://www.pro-football-reference.com/players/S/SkinJL00.htm,6,183,DEN,S,22.0,Boise St.,76.0,220.0,193.0,99.0
183,183,Zaire Barnes,https://www.pro-football-reference.com/players/B/BarnZa00.htm,6,184,NYJ,LB,24.0,Western Michigan,73.0,232.0,185.0,105.0
184,184,Parker Washington,https://www.pro-football-reference.com/players/W/WashPa01.htm,6,185,JAX,WR,21.0,Penn St.,70.0,212.0,178.0,96.0
185,185,Jaelyn Duncan,https://www.pro-football-reference.com/players/D/DuncJa00.htm,6,186,TEN,OL,23.0,Maryland,78.0,306.0,198.0,138.0
186,186,Kayshon Boutte,https://www.pro-football-reference.com/players/B/BoutKa00.htm,6,187,NWE,WR,21.0,LSU,72.0,197.0,183.0,89.0
187,187,Tanner McKee,https://www.pro-football-reference.com/players/M/McKeTa01.htm,6,188,PHI,QB,23.0,Stanford,78.0,231.0,198.0,104.0
188,188,Ochaun Mathis,https://www.pro-football-reference.com/players/M/MathOc00.htm,6,189,LAR,DE,24.0,Nebraska,77.0,260.0,196.0,117.0
189,189,Luke Wypler,https://www.pro-football-reference.com/players/W/WyplLu00.htm,6,190,CLE,OL,22.0,Ohio St.,75.0,303.0,190.0,137.0
190,190,Trey Palmer,https://www.pro-football-reference.com/players/P/PalmTr00.htm,6,191,TAM,WR,22.0,Nebraska,72.0,192.0,183.0,87.0
191,191,Bryce Baringer,https://www.pro-football-reference.com/players/B/BariBr00.htm,6,192,NWE,P,24.0,Michigan St.,75.0,215.0,190.0,97.0
192,192,Chris Rodriguez,https://www.pro-football-reference.com/players/R/RodrCh00.htm,6,193,WAS,RB,22.0,Kentucky,71.0,224.0,180.0,101.0
193,193,Keondre Coburn,https://www.pro-football-reference.com/players/C/CobuKe00.htm,6,194,KAN,DT,23.0,Texas,74.0,332.0,188.0,150.0
194,194,A.T. Perry,https://www.pro-football-reference.com/players/P/PerrAT00.htm,6,195,NOR,WR,23.0,Wake Forest,77.0,205.0,196.0,92.0
195,195,Jose Ramirez,https://www.pro-football-reference.com/players/R/RamiJo00.htm,6,196,TAM,DL,24.0,Eastern Michigan,74.0,242.0,188.0,109.0
196,196,Elijah Higgins,https://www.pro-football-reference.com/players/H/HiggEl00.htm,6,197,MIA,WR,22.0,Stanford,75.0,235.0,190.0,106.0
197,197,Jerrick Reed,https://www.pro-football-reference.com/players/R/ReedJe00.htm,6,198,SEA,S,23.0,New Mexico,69.0,196.0,175.0,88.0
198,198,Malaesala Aumavae-Laulu,https://www.pro-football-reference.com/players/A/AumaMa00.htm,6,199,BAL,OL,24.0,Oregon,77.0,325.0,196.0,147.0
199,199,Scott Matlock,https://www.pro-football-reference.com/players/M/MatlSc00.htm,6,200,LAC,DT,23.0,Boise St.,76.0,296.0,193.0,134.0
200,200,Jarrett Patterson,https://www.pro-football-reference.com/players/P/PattJa03.htm,6,201,HOU,OL,24.0,Notre Dame,76.0,310.0,193.0,140.0
201,201,Christian Braswell,https://www.pro-football-reference.com/players/B/BrasCh00.htm,6,202,JAX,DB,23.0,Rutgers,70.0,181.0,178.0,82.0
202,202,Amari Burney,https://www.pro-football-reference.com/players/B/BurnAm00.htm,6,203,LVR,LB,23.0,Florida,74.0,228.0,188.0,103.0
203,203,Jarrick Bernard-Converse,https://www.pro-football-reference.com/players/B/BernJa01.htm,6,204,NYJ,CB,23.0,LSU,73.0,197.0,185.0,89.0
204,204,Xavier Hutchinson,https://www.pro-football-reference.com/players/H/HutcXa00.htm,6,205,HOU,WR,23.0,Iowa St.,75.0,205.0,190.0,92.0
205,205,Andrei Iosivas,https://www.pro-football-reference.com/players/I/IosiAn00.htm,6,206,CIN,WR,23.0,Princeton,75.0,212.0,190.0,96.0
206,206,Anders Carlson,https://www.pro-football-reference.com/players/C/CarlAn00.htm,6,207,GNB,K,25.0,Auburn,77.0,219.0,196.0,99.0
207,207,Erick Hallett,https://www.pro-football-reference.com/players/H/HallEr00.htm,6,208,JAX,DB,23.0,Pittsburgh,71.0,190.0,180.0,86.0
208,208,Tre Hawkins,https://www.pro-football-reference.com/players/H/HawkTr00.htm,6,209,NYG,CB,23.0,Old Dominion,75.0,195.0,190.0,88.0
209,209,Demario Douglas,https://www.pro-football-reference.com/players/D/DougDe00.htm,6,210,NWE,WR,22.0,Liberty,68.0,192.0,173.0,87.0
210,210,Titus Leo,https://www.pro-football-reference.com/players/L/LeoxTi00.htm,6,211,IND,LB,24.0,Wagner,75.0,245.0,190.0,111.0
211,211,Deuce Vaughn,https://www.pro-football-reference.com/players/V/VaugDe00.htm,6,212,DAL,RB,21.0,Kansas St.,66.0,176.0,168.0,79.0
212,212,Dante Stills,https://www.pro-football-reference.com/players/S/StilDa01.htm,6,213,ARI,DT,23.0,West Virginia,76.0,286.0,193.0,129.0
213,213,Ameer Speed,https://www.pro-football-reference.com/players/S/SpeeAm00.htm,6,214,NWE,CB,23.0,Michigan St.,75.0,215.0,190.0,97.0
214,214,Zach Evans,https://www.pro-football-reference.com/players/E/EvanZa00.htm,6,215,LAR,RB,22.0,Mississippi,71.0,202.0,180.0,91.0
215,215,Dee Winters,https://www.pro-football-reference.com/players/W/WintDe00.htm,6,216,SFO,LB,22.0,TCU,71.0,227.0,180.0,102.0
216,216,Brad Robbins,https://www.pro-football-reference.com/players/R/RobbBr00.htm,6,217,CIN,P,24.0,Michigan,73.0,203.0,185.0,92.0
217,217,Travis Bell,https://www.pro-football-reference.com/players/B/BellTr01.htm,7,218,CHI,DL,24.0,Kennesaw St.,72.0,310.0,183.0,140.0
218,218,Antoine Green,https://www.pro-football-reference.com/players/G/GreeAn00.htm,7,219,DET,WR,23.0,North Carolina,74.0,199.0,188.0,90.0
219,219,Zack Kuntz,https://www.pro-football-reference.com/players/K/KuntZa00.htm,7,220,NYJ,TE,24.0,Old Dominion,80.0,251.0,203.0,113.0
220,220,Jaylon Jones,https://www.pro-football-reference.com/players/J/JoneJa13.htm,7,221,IND,DB,21.0,Texas A&M,74.0,203.0,188.0,92.0
221,221,DeWayne McBride,https://www.pro-football-reference.com/players/M/McBrDe00.htm,7,222,MIN,RB,22.0,Ala-Birmingham,70.0,209.0,178.0,94.0
222,222,Ethan Evans,https://www.pro-football-reference.com/players/E/EvanEt00.htm,7,223,LAR,P,22.0,Wingate,75.0,231.0,190.0,104.0
223,223,DeMarcco Hellams,https://www.pro-football-reference.com/players/H/HellDe00.htm,7,224,ATL,DB,23.0,Alabama,73.0,213.0,185.0,96.0
224,224,Jovaughn Gwyn,https://www.pro-football-reference.com/players/G/GwynJo00.htm,7,225,ATL,OL,24.0,South Carolina,74.0,301.0,188.0,136.0
225,225,Cooper Hodges,https://www.pro-football-reference.com/players/H/HodgCo00.htm,7,226,JAX,OL,23.0,Appalachian St.,75.0,311.0,190.0,141.0
226,226,Raymond Vohasek,https://www.pro-football-reference.com/players/V/VohaRa00.htm,7,227,JAX,DT,,North Carolina,75.0,310.0,190.0,140.0
227,227,Colton Dowell,https://www.pro-football-reference.com/players/D/DoweCo00.htm,7,228,TEN,WR,24.0,UT Martin,75.0,212.0,190.0,96.0
228,228,Andrew Vorhees,https://www.pro-football-reference.com/players/V/VorhAn00.htm,7,229,BAL,OL,24.0,USC,78.0,310.0,198.0,140.0
229,229,Nick Broeker,https://www.pro-football-reference.com/players/B/BroeNi00.htm,7,230,BUF,OL,22.0,Mississippi,76.0,305.0,193.0,138.0
230,230,Nesta Jade Silvera,https://www.pro-football-reference.com/players/J/JadeNe00.htm,7,231,LVR,DT,23.0,Arizona St.,74.0,315.0,188.0,142.0
231,231,Carrington Valentine,https://www.pro-football-reference.com/players/V/ValeCa00.htm,7,232,GNB,DB,21.0,Kentucky,72.0,189.0,183.0,85.0
232,232,Andre Jones,https://www.pro-football-reference.com/players/J/JoneAn02.htm,7,233,WAS,DE,24.0,Louisiana,77.0,258.0,196.0,117.0
233,233,Jason Taylor,https://www.pro-football-reference.com/players/T/TaylJa05.htm,7,234,LAR,S,23.0,Oklahoma St.,72.0,204.0,183.0,92.0
234,234,Lew Nichols,https://www.pro-football-reference.com/players/N/NichLe00.htm,7,235,GNB,RB,22.0,Central Michigan,71.0,222.0,180.0,100.0
235,235,Jake Witt,https://www.pro-football-reference.com/players/W/WittJa01.htm,7,236,IND,OL,23.0,Northern Michigan,79.0,302.0,201.0,136.0
236,236,Kenny McIntosh,https://www.pro-football-reference.com/players/M/McInKe00.htm,7,237,SEA,RB,23.0,Georgia,72.0,210.0,183.0,95.0
237,237,Ryan Hayes,https://www.pro-football-reference.com/players/H/HayeRy00.htm,7,238,MIA,OL,23.0,Michigan,79.0,305.0,201.0,138.0
238,238,Max Duggan,https://www.pro-football-reference.com/players/D/DuggMa00.htm,7,239,LAC,QB,22.0,TCU,73.0,207.0,185.0,93.0
239,239,Derek Parish,https://www.pro-football-reference.com/players/P/PariDe00.htm,7,240,JAX,DL,24.0,Houston,73.0,241.0,185.0,109.0
240,240,Cory Trice Jr.,https://www.pro-football-reference.com/players/T/TricCo00.htm,7,241,PIT,CB,23.0,Purdue,75.0,206.0,190.0,93.0
241,241,Anthony Johnson,https://www.pro-football-reference.com/players/J/JohnAn08.htm,7,242,GNB,DB,23.0,Iowa St.,72.0,205.0,183.0,92.0
242,242,Jordon Riley,https://www.pro-football-reference.com/players/R/RileJo00.htm,7,243,NYG,DL,25.0,Oregon,77.0,315.0,196.0,142.0
243,243,Jalen Brooks,https://www.pro-football-reference.com/players/B/BrooJa03.htm,7,244,DAL,WR,23.0,South Carolina,74.0,205.0,188.0,92.0
244,244,Isaiah Bolden,https://www.pro-football-reference.com/players/B/BoldIs00.htm,7,245,NWE,CB,23.0,Jackson St.,74.0,205.0,188.0,92.0
245,245,DJ Ivey,https://www.pro-football-reference.com/players/I/IveyDJ00.htm,7,246,CIN,CB,23.0,Miami (FL),73.0,192.0,185.0,87.0
246,246,Brayden Willis,https://www.pro-football-reference.com/players/W/WillBr06.htm,7,247,SFO,TE,23.0,Oklahoma,76.0,240.0,193.0,108.0
247,247,Brandon Hill,https://www.pro-football-reference.com/players/H/HillBr03.htm,7,248,HOU,DB,23.0,Pittsburgh,71.0,195.0,180.0,88.0
248,248,Moro Ojomo,https://www.pro-football-reference.com/players/O/OjomMo00.htm,7,249,PHI,DE,22.0,Texas,75.0,292.0,190.0,132.0
249,249,Nic Jones,https://www.pro-football-reference.com/players/J/JoneNi00.htm,7,250,KAN,CB,21.0,Ball St.,72.0,189.0,183.0,85.0
250,250,Spencer Anderson,https://www.pro-football-reference.com/players/A/AndeSp00.htm,7,251,PIT,OL,23.0,Maryland,77.0,305.0,196.0,138.0
251,251,Alex Austin,https://www.pro-football-reference.com/players/A/AustAl00.htm,7,252,BUF,DB,22.0,Oregon St.,73.0,191.0,185.0,86.0
252,252,Ronnie Bell,https://www.pro-football-reference.com/players/B/BellRo01.htm,7,253,SFO,WR,23.0,Michigan,72.0,190.0,183.0,86.0
253,253,Gervarrius Owens,https://www.pro-football-reference.com/players/O/OwenGe00.htm,7,254,NYG,DB,23.0,Houston,72.0,200.0,183.0,90.0
254,254,Jalen Graham,https://www.pro-football-reference.com/players/G/GrahJa02.htm,7,255,SFO,S,22.0,Purdue,75.0,220.0,190.0,99.0
255,255,Grant Dubose,https://www.pro-football-reference.com/players/D/DuboGr00.htm,7,256,GNB,WR,22.0,Charlotte,74.0,201.0,188.0,91.0
256,256,Alex Forsyth,https://www.pro-football-reference.com/players/F/ForsAl00.htm,7,257,DEN,OL,24.0,Oregon,76.0,312.0,193.0,141.0
257,257,Kendall Williamson,https://www.pro-football-reference.com/players/W/WillKe07.htm,7,258,CHI,S,23.0,Stanford,72.0,203.0,183.0,92.0
258,258,Desjuan Johnson,https://www.pro-football-reference.com/players/J/JohnDe08.htm,7,259,LAR,DT,24.0,Toledo,75.0,252.0,190.0,114.0
